t,.,e,s,t,e,@,g,m,a,i,l,.,c,o,m
t,e,.,s,t,e,@,g,m,a,i,l,.,c,o,m
t,e,s,.,t,e,@,g,m,a,i,l,.,c,o,m
t,e,s,t,.,e,@,g,m,a,i,l,.,c,o,m
t,.,e,.,s,t,e,@,g,m,a,i,l,.,c,o,m
t,.,e,s,.,t,e,@,g,m,a,i,l,.,c,o,m
t,.,e,s,t,.,e,@,g,m,a,i,l,.,c,o,m
t,e,.,s,.,t,e,@,g,m,a,i,l,.,c,o,m
t,e,.,s,t,.,e,@,g,m,a,i,l,.,c,o,m
t,e,s,.,t,.,e,@,g,m,a,i,l,.,c,o,m
t,.,e,.,s,.,t,e,@,g,m,a,i,l,.,c,o,m
t,.,e,.,s,t,.,e,@,g,m,a,i,l,.,c,o,m
t,.,e,s,.,t,.,e,@,g,m,a,i,l,.,c,o,m
t,e,.,s,.,t,.,e,@,g,m,a,i,l,.,c,o,m
t,.,e,.,s,.,t,.,e,@,g,m,a,i,l,.,c,o,m
